Product ID,total_orders,total_returns,return_rate
FUR-BO-10000112,1,0,0.0
FUR-BO-10000330,1,0,0.0
FUR-BO-10000362,1,0,0.0
FUR-BO-10000468,4,0,0.0
FUR-BO-10000780,4,0,0.0
FUR-BO-10001337,5,1,0.2
FUR-BO-10001519,3,0,0.0
FUR-BO-10001567,1,0,0.0
FUR-BO-10001601,2,0,0.0
FUR-BO-10001608,2,0,0.0
FUR-BO-10001619,2,0,0.0
FUR-BO-10001798,4,0,0.0
FUR-BO-10001811,6,0,0.0
FUR-BO-10001918,2,0,0.0
FUR-BO-10001972,5,0,0.0
FUR-BO-10002202,2,0,0.0
FUR-BO-10002206,1,1,1.0
FUR-BO-10002213,4,0,0.0
FUR-BO-10002268,2,1,0.5
FUR-BO-10002545,3,0,0.0
FUR-BO-10002598,3,0,0.0
FUR-BO-10002613,2,1,0.5
FUR-BO-10002824,2,0,0.0
FUR-BO-10002853,3,0,0.0
FUR-BO-10003034,4,0,0.0
FUR-BO-10003159,4,1,0.25
FUR-BO-10003272,2,0,0.0
FUR-BO-10003404,2,0,0.0
FUR-BO-10003433,1,0,0.0
FUR-BO-10003441,6,0,0.0
FUR-BO-10003450,2,0,0.0
FUR-BO-10003546,3,0,0.0
FUR-BO-10003660,2,0,0.0
FUR-BO-10003893,1,0,0.0
FUR-BO-10003894,3,0,0.0
FUR-BO-10003965,2,0,0.0
FUR-BO-10003966,2,0,0.0
FUR-BO-10004015,7,1,0.14285714285714285
FUR-BO-10004218,3,0,0.0
FUR-BO-10004357,1,0,0.0
FUR-BO-10004360,1,0,0.0
FUR-BO-10004409,2,0,0.0
FUR-BO-10004467,4,0,0.0
FUR-BO-10004695,4,0,0.0
FUR-BO-10004709,7,1,0.14285714285714285
FUR-BO-10004834,2,0,0.0
FUR-CH-10000015,3,0,0.0
FUR-CH-10000155,3,0,0.0
FUR-CH-10000225,4,0,0.0
FUR-CH-10000229,3,0,0.0
FUR-CH-10000309,3,0,0.0
FUR-CH-10000422,4,0,0.0
FUR-CH-10000454,9,0,0.0
FUR-CH-10000513,5,0,0.0
FUR-CH-10000553,3,0,0.0
FUR-CH-10000595,2,0,0.0
FUR-CH-10000665,7,0,0.0
FUR-CH-10000749,1,0,0.0
FUR-CH-10000785,8,0,0.0
FUR-CH-10000847,5,0,0.0
FUR-CH-10000863,4,1,0.25
FUR-CH-10000988,5,0,0.0
FUR-CH-10001146,10,0,0.0
FUR-CH-10001190,3,1,0.3333333333333333
FUR-CH-10001215,7,1,0.14285714285714285
FUR-CH-10001270,4,0,0.0
FUR-CH-10001394,4,0,0.0
FUR-CH-10001482,3,0,0.0
FUR-CH-10001545,4,0,0.0
FUR-CH-10001708,3,0,0.0
FUR-CH-10001714,3,0,0.0
FUR-CH-10001797,1,0,0.0
FUR-CH-10001802,3,0,0.0
FUR-CH-10001854,4,0,0.0
FUR-CH-10001891,2,0,0.0
FUR-CH-10001973,4,0,0.0
FUR-CH-10002019,3,0,0.0
FUR-CH-10002024,4,0,0.0
FUR-CH-10002044,1,0,0.0
FUR-CH-10002073,2,0,0.0
FUR-CH-10002084,4,0,0.0
FUR-CH-10002126,3,0,0.0
FUR-CH-10002304,4,0,0.0
FUR-CH-10002317,1,0,0.0
FUR-CH-10002320,1,0,0.0
FUR-CH-10002331,5,1,0.2
FUR-CH-10002335,6,0,0.0
FUR-CH-10002372,4,0,0.0
FUR-CH-10002439,1,0,0.0
FUR-CH-10002602,6,0,0.0
FUR-CH-10002647,9,0,0.0
FUR-CH-10002774,3,1,0.3333333333333333
FUR-CH-10002780,1,0,0.0
FUR-CH-10002880,8,0,0.0
FUR-CH-10002961,5,1,0.2
FUR-CH-10002965,5,0,0.0
FUR-CH-10003061,7,2,0.2857142857142857
FUR-CH-10003199,4,0,0.0
FUR-CH-10003298,6,0,0.0
FUR-CH-10003312,3,0,0.0
FUR-CH-10003379,4,0,0.0
FUR-CH-10003396,6,0,0.0
FUR-CH-10003535,4,0,0.0
FUR-CH-10003606,3,0,0.0
FUR-CH-10003746,5,0,0.0
FUR-CH-10003774,11,1,0.09090909090909091
FUR-CH-10003817,6,1,0.16666666666666666
FUR-CH-10003833,5,0,0.0
FUR-CH-10003846,3,1,0.3333333333333333
FUR-CH-10003956,2,0,0.0
FUR-CH-10003968,4,1,0.25
FUR-CH-10003973,4,2,0.5
FUR-CH-10003981,5,1,0.2
FUR-CH-10004063,3,0,0.0
FUR-CH-10004086,4,1,0.25
FUR-CH-10004218,5,0,0.0
FUR-CH-10004287,6,0,0.0
FUR-CH-10004289,3,0,0.0
FUR-CH-10004477,3,0,0.0
FUR-CH-10004495,4,1,0.25
FUR-CH-10004540,4,0,0.0
FUR-CH-10004626,5,0,0.0
FUR-CH-10004675,4,0,0.0
FUR-CH-10004698,3,0,0.0
FUR-CH-10004754,4,0,0.0
FUR-CH-10004853,3,0,0.0
FUR-CH-10004860,5,1,0.2
FUR-CH-10004875,5,0,0.0
FUR-CH-10004886,4,1,0.25
FUR-CH-10004983,3,0,0.0
FUR-CH-10004997,5,0,0.0
FUR-FU-10000010,6,0,0.0
FUR-FU-10000023,6,1,0.16666666666666666
FUR-FU-10000073,2,0,0.0
FUR-FU-10000076,4,0,0.0
FUR-FU-10000087,2,0,0.0
FUR-FU-10000175,2,0,0.0
FUR-FU-10000193,2,1,0.5
FUR-FU-10000206,7,2,0.2857142857142857
FUR-FU-10000221,4,0,0.0
FUR-FU-10000222,2,0,0.0
FUR-FU-10000246,4,0,0.0
FUR-FU-10000260,4,0,0.0
FUR-FU-10000277,3,0,0.0
FUR-FU-10000293,3,1,0.3333333333333333
FUR-FU-10000305,1,0,0.0
FUR-FU-10000308,2,0,0.0
FUR-FU-10000320,4,0,0.0
FUR-FU-10000397,2,0,0.0
FUR-FU-10000409,1,0,0.0
FUR-FU-10000448,3,0,0.0
FUR-FU-10000521,2,0,0.0
FUR-FU-10000550,3,0,0.0
FUR-FU-10000576,4,0,0.0
FUR-FU-10000629,5,0,0.0
FUR-FU-10000672,3,0,0.0
FUR-FU-10000719,2,0,0.0
FUR-FU-10000723,6,0,0.0
FUR-FU-10000732,6,0,0.0
FUR-FU-10000747,4,1,0.25
FUR-FU-10000755,2,0,0.0
FUR-FU-10000758,2,0,0.0
FUR-FU-10000771,3,0,0.0
FUR-FU-10000794,3,0,0.0
FUR-FU-10000820,3,0,0.0
FUR-FU-10000965,2,0,0.0
FUR-FU-10001025,1,1,1.0
FUR-FU-10001037,6,0,0.0
FUR-FU-10001057,3,0,0.0
FUR-FU-10001085,3,0,0.0
FUR-FU-10001095,2,1,0.5
FUR-FU-10001185,3,0,0.0
FUR-FU-10001196,4,0,0.0
FUR-FU-10001215,2,0,0.0
FUR-FU-10001290,3,0,0.0
FUR-FU-10001379,2,0,0.0
FUR-FU-10001424,5,1,0.2
FUR-FU-10001468,1,0,0.0
FUR-FU-10001473,6,0,0.0
FUR-FU-10001475,4,0,0.0
FUR-FU-10001487,2,0,0.0
FUR-FU-10001488,6,0,0.0
FUR-FU-10001546,2,0,0.0
FUR-FU-10001588,1,0,0.0
FUR-FU-10001591,3,0,0.0
FUR-FU-10001602,4,0,0.0
FUR-FU-10001617,2,0,0.0
FUR-FU-10001706,3,1,0.3333333333333333
FUR-FU-10001731,3,0,0.0
FUR-FU-10001756,5,0,0.0
FUR-FU-10001847,3,0,0.0
FUR-FU-10001852,2,0,0.0
FUR-FU-10001861,3,0,0.0
FUR-FU-10001867,1,1,1.0
FUR-FU-10001876,4,0,0.0
FUR-FU-10001889,4,0,0.0
FUR-FU-10001918,5,0,0.0
FUR-FU-10001934,5,0,0.0
FUR-FU-10001935,5,0,0.0
FUR-FU-10001940,7,0,0.0
FUR-FU-10001967,5,0,0.0
FUR-FU-10001979,2,0,0.0
FUR-FU-10002030,1,0,0.0
FUR-FU-10002045,3,0,0.0
FUR-FU-10002088,4,0,0.0
FUR-FU-10002107,2,0,0.0
FUR-FU-10002116,2,0,0.0
FUR-FU-10002157,2,0,0.0
FUR-FU-10002191,2,0,0.0
FUR-FU-10002253,3,0,0.0
FUR-FU-10002268,2,0,0.0
FUR-FU-10002298,3,0,0.0
FUR-FU-10002364,7,0,0.0
FUR-FU-10002396,3,0,0.0
FUR-FU-10002445,6,2,0.3333333333333333
FUR-FU-10002456,3,0,0.0
FUR-FU-10002501,4,0,0.0
FUR-FU-10002505,1,0,0.0
FUR-FU-10002506,1,0,0.0
FUR-FU-10002508,1,0,0.0
FUR-FU-10002554,2,1,0.5
FUR-FU-10002597,7,0,0.0
FUR-FU-10002671,4,0,0.0
FUR-FU-10002685,1,0,0.0
FUR-FU-10002703,1,0,0.0
FUR-FU-10002759,4,0,0.0
FUR-FU-10002813,2,0,0.0
FUR-FU-10002878,2,0,0.0
FUR-FU-10002885,4,0,0.0
FUR-FU-10002918,1,0,0.0
FUR-FU-10002937,6,1,0.16666666666666666
FUR-FU-10002960,3,0,0.0
FUR-FU-10002963,3,0,0.0
FUR-FU-10003026,1,0,0.0
FUR-FU-10003039,4,0,0.0
FUR-FU-10003095,1,0,0.0
FUR-FU-10003096,2,0,0.0
FUR-FU-10003142,4,0,0.0
FUR-FU-10003192,1,0,0.0
FUR-FU-10003247,5,0,0.0
FUR-FU-10003268,5,1,0.2
FUR-FU-10003274,3,0,0.0
FUR-FU-10003347,4,0,0.0
FUR-FU-10003374,2,0,0.0
FUR-FU-10003394,5,1,0.2
FUR-FU-10003424,2,0,0.0
FUR-FU-10003489,1,0,0.0
FUR-FU-10003535,5,0,0.0
FUR-FU-10003553,4,0,0.0
FUR-FU-10003577,2,0,0.0
FUR-FU-10003601,6,0,0.0
FUR-FU-10003623,2,0,0.0
FUR-FU-10003664,4,0,0.0
FUR-FU-10003691,4,0,0.0
FUR-FU-10003708,3,1,0.3333333333333333
FUR-FU-10003724,6,0,0.0
FUR-FU-10003731,5,0,0.0
FUR-FU-10003773,3,0,0.0
FUR-FU-10003798,2,0,0.0
FUR-FU-10003799,2,0,0.0
FUR-FU-10003806,4,0,0.0
FUR-FU-10003829,3,1,0.3333333333333333
FUR-FU-10003832,4,0,0.0
FUR-FU-10003849,2,0,0.0
FUR-FU-10003878,5,1,0.2
FUR-FU-10003919,2,0,0.0
FUR-FU-10003975,3,0,0.0
FUR-FU-10003976,5,1,0.2
FUR-FU-10003981,1,0,0.0
FUR-FU-10004006,3,0,0.0
FUR-FU-10004017,4,0,0.0
FUR-FU-10004018,4,0,0.0
FUR-FU-10004020,3,0,0.0
FUR-FU-10004053,6,0,0.0
FUR-FU-10004071,3,0,0.0
FUR-FU-10004090,4,0,0.0
FUR-FU-10004091,4,1,0.25
FUR-FU-10004093,2,1,0.5
FUR-FU-10004164,2,0,0.0
FUR-FU-10004188,3,1,0.3333333333333333
FUR-FU-10004245,3,0,0.0
FUR-FU-10004270,9,0,0.0
FUR-FU-10004306,4,0,0.0
FUR-FU-10004351,3,1,0.3333333333333333
FUR-FU-10004415,3,0,0.0
FUR-FU-10004460,1,0,0.0
FUR-FU-10004586,3,0,0.0
FUR-FU-10004597,2,0,0.0
FUR-FU-10004622,2,1,0.5
FUR-FU-10004665,3,0,0.0
FUR-FU-10004666,1,1,1.0
FUR-FU-10004671,4,0,0.0
FUR-FU-10004712,2,0,0.0
FUR-FU-10004748,3,0,0.0
FUR-FU-10004845,2,0,0.0
FUR-FU-10004848,10,2,0.2
FUR-FU-10004864,12,1,0.08333333333333333
FUR-FU-10004904,1,0,0.0
FUR-FU-10004909,3,0,0.0
FUR-FU-10004952,2,0,0.0
FUR-FU-10004960,3,0,0.0
FUR-FU-10004963,6,1,0.16666666666666666
FUR-FU-10004973,9,1,0.1111111111111111
FUR-TA-10000198,3,0,0.0
FUR-TA-10000577,3,0,0.0
FUR-TA-10000617,3,0,0.0
FUR-TA-10000688,3,0,0.0
FUR-TA-10000849,2,0,0.0
FUR-TA-10001039,5,0,0.0
FUR-TA-10001086,3,1,0.3333333333333333
FUR-TA-10001095,12,0,0.0
FUR-TA-10001307,3,0,0.0
FUR-TA-10001520,6,2,0.3333333333333333
FUR-TA-10001539,5,1,0.2
FUR-TA-10001676,7,1,0.14285714285714285
FUR-TA-10001691,1,0,0.0
FUR-TA-10001705,2,1,0.5
FUR-TA-10001768,3,0,0.0
FUR-TA-10001771,4,0,0.0
FUR-TA-10001857,2,0,0.0
FUR-TA-10001889,4,0,0.0
FUR-TA-10001932,5,0,0.0
FUR-TA-10001950,3,0,0.0
FUR-TA-10002041,3,0,0.0
FUR-TA-10002228,2,0,0.0
FUR-TA-10002356,4,0,0.0
FUR-TA-10002530,4,0,0.0
FUR-TA-10002533,4,0,0.0
FUR-TA-10002607,4,0,0.0
FUR-TA-10002622,3,0,0.0
FUR-TA-10002645,2,0,0.0
FUR-TA-10002774,2,0,0.0
FUR-TA-10002855,2,0,0.0
FUR-TA-10002903,2,1,0.5
FUR-TA-10002958,5,0,0.0
FUR-TA-10003008,5,0,0.0
FUR-TA-10003238,3,0,0.0
FUR-TA-10003392,4,0,0.0
FUR-TA-10003469,2,0,0.0
FUR-TA-10003473,9,0,0.0
FUR-TA-10003569,2,0,0.0
FUR-TA-10003715,1,0,0.0
FUR-TA-10003748,5,0,0.0
FUR-TA-10003837,1,1,1.0
FUR-TA-10003954,2,0,0.0
FUR-TA-10004086,4,1,0.25
FUR-TA-10004147,2,0,0.0
FUR-TA-10004152,3,1,0.3333333333333333
FUR-TA-10004154,2,0,0.0
FUR-TA-10004256,4,0,0.0
FUR-TA-10004289,2,0,0.0
FUR-TA-10004442,1,0,0.0
FUR-TA-10004534,3,0,0.0
FUR-TA-10004575,5,0,0.0
FUR-TA-10004607,3,1,0.3333333333333333
FUR-TA-10004619,3,0,0.0
FUR-TA-10004767,3,1,0.3333333333333333
FUR-TA-10004915,5,0,0.0
OFF-AP-10000026,4,0,0.0
OFF-AP-10000027,4,0,0.0
OFF-AP-10000055,4,0,0.0
OFF-AP-10000159,3,0,0.0
OFF-AP-10000179,1,0,0.0
OFF-AP-10000240,1,0,0.0
OFF-AP-10000252,4,0,0.0
OFF-AP-10000275,1,0,0.0
OFF-AP-10000326,1,0,0.0
OFF-AP-10000358,7,1,0.14285714285714285
OFF-AP-10000390,3,0,0.0
OFF-AP-10000576,5,0,0.0
OFF-AP-10000595,3,0,0.0
OFF-AP-10000692,3,0,0.0
OFF-AP-10000696,2,1,0.5
OFF-AP-10000804,3,1,0.3333333333333333
OFF-AP-10000828,3,0,0.0
OFF-AP-10000891,4,0,0.0
OFF-AP-10000938,4,0,0.0
OFF-AP-10001005,3,0,0.0
OFF-AP-10001058,4,1,0.25
OFF-AP-10001124,1,0,0.0
OFF-AP-10001154,2,0,0.0
OFF-AP-10001205,8,0,0.0
OFF-AP-10001242,6,1,0.16666666666666666
OFF-AP-10001271,4,0,0.0
OFF-AP-10001293,2,1,0.5
OFF-AP-10001303,1,0,0.0
OFF-AP-10001366,2,0,0.0
OFF-AP-10001394,3,0,0.0
OFF-AP-10001469,2,0,0.0
OFF-AP-10001492,6,2,0.3333333333333333
OFF-AP-10001563,5,0,0.0
OFF-AP-10001564,3,0,0.0
OFF-AP-10001626,4,1,0.25
OFF-AP-10001634,1,0,0.0
OFF-AP-10001947,5,0,0.0
OFF-AP-10001962,4,0,0.0
OFF-AP-10002082,5,0,0.0
OFF-AP-10002118,4,0,0.0
OFF-AP-10002191,3,0,0.0
OFF-AP-10002203,1,0,0.0
OFF-AP-10002222,3,0,0.0
OFF-AP-10002287,4,0,0.0
OFF-AP-10002311,5,0,0.0
OFF-AP-10002350,5,0,0.0
OFF-AP-10002403,2,0,0.0
OFF-AP-10002439,2,0,0.0
OFF-AP-10002457,5,0,0.0
OFF-AP-10002472,1,0,0.0
OFF-AP-10002495,1,0,0.0
OFF-AP-10002518,2,0,0.0
OFF-AP-10002534,4,0,0.0
OFF-AP-10002578,4,1,0.25
OFF-AP-10002651,2,0,0.0
OFF-AP-10002670,2,1,0.5
OFF-AP-10002684,6,1,0.16666666666666666
OFF-AP-10002765,3,0,0.0
OFF-AP-10002867,3,1,0.3333333333333333
OFF-AP-10002892,3,0,0.0
OFF-AP-10002906,2,0,0.0
OFF-AP-10002945,5,0,0.0
OFF-AP-10002998,3,0,0.0
OFF-AP-10003040,4,0,0.0
OFF-AP-10003057,2,0,0.0
OFF-AP-10003217,2,0,0.0
OFF-AP-10003266,2,1,0.5
OFF-AP-10003278,4,0,0.0
OFF-AP-10003281,1,0,0.0
OFF-AP-10003287,2,0,0.0
OFF-AP-10003590,2,0,0.0
OFF-AP-10003622,3,0,0.0
OFF-AP-10003779,2,0,0.0
OFF-AP-10003842,3,0,0.0
OFF-AP-10003849,3,0,0.0
OFF-AP-10003884,1,0,0.0
OFF-AP-10003971,4,0,0.0
OFF-AP-10004036,2,0,0.0
OFF-AP-10004052,3,1,0.3333333333333333
OFF-AP-10004233,2,0,0.0
OFF-AP-10004249,3,2,0.6666666666666666
OFF-AP-10004336,2,0,0.0
OFF-AP-10004487,5,0,0.0
OFF-AP-10004532,4,1,0.25
OFF-AP-10004540,3,0,0.0
OFF-AP-10004655,1,0,0.0
OFF-AP-10004708,4,0,0.0
OFF-AP-10004785,2,0,0.0
OFF-AP-10004859,4,0,0.0
OFF-AP-10004868,2,0,0.0
OFF-AP-10004980,1,0,0.0
OFF-AR-10000034,3,0,0.0
OFF-AR-10000122,5,0,0.0
OFF-AR-10000127,1,0,0.0
OFF-AR-10000203,2,1,0.5
OFF-AR-10000246,5,1,0.2
OFF-AR-10000255,3,0,0.0
OFF-AR-10000315,3,0,0.0
OFF-AR-10000369,2,0,0.0
OFF-AR-10000380,5,0,0.0
OFF-AR-10000390,5,0,0.0
OFF-AR-10000422,4,0,0.0
OFF-AR-10000462,3,0,0.0
OFF-AR-10000475,2,0,0.0
OFF-AR-10000538,2,0,0.0
OFF-AR-10000588,7,1,0.14285714285714285
OFF-AR-10000614,3,0,0.0
OFF-AR-10000634,2,0,0.0
OFF-AR-10000657,2,0,0.0
OFF-AR-10000658,2,0,0.0
OFF-AR-10000716,3,0,0.0
OFF-AR-10000799,2,0,0.0
OFF-AR-10000817,4,0,0.0
OFF-AR-10000823,2,0,0.0
OFF-AR-10000896,1,0,0.0
OFF-AR-10000914,4,0,0.0
OFF-AR-10000937,1,0,0.0
OFF-AR-10000940,5,0,0.0
OFF-AR-10001022,1,0,0.0
OFF-AR-10001026,1,0,0.0
OFF-AR-10001044,4,0,0.0
OFF-AR-10001118,1,0,0.0
OFF-AR-10001130,2,0,0.0
OFF-AR-10001149,4,0,0.0
OFF-AR-10001166,2,0,0.0
OFF-AR-10001177,2,0,0.0
OFF-AR-10001216,3,0,0.0
OFF-AR-10001221,2,0,0.0
OFF-AR-10001227,2,1,0.5
OFF-AR-10001231,2,0,0.0
OFF-AR-10001246,2,0,0.0
OFF-AR-10001315,4,0,0.0
OFF-AR-10001374,3,0,0.0
OFF-AR-10001419,5,1,0.2
OFF-AR-10001427,2,0,0.0
OFF-AR-10001446,4,0,0.0
OFF-AR-10001468,1,0,0.0
OFF-AR-10001545,5,0,0.0
OFF-AR-10001547,6,0,0.0
OFF-AR-10001573,4,0,0.0
OFF-AR-10001615,4,1,0.25
OFF-AR-10001662,4,0,0.0
OFF-AR-10001683,2,0,0.0
OFF-AR-10001725,3,0,0.0
OFF-AR-10001761,4,0,0.0
OFF-AR-10001770,3,0,0.0
OFF-AR-10001860,6,0,0.0
OFF-AR-10001868,4,0,0.0
OFF-AR-10001897,2,0,0.0
OFF-AR-10001915,4,0,0.0
OFF-AR-10001919,4,0,0.0
OFF-AR-10001940,1,0,0.0
OFF-AR-10001953,5,0,0.0
OFF-AR-10001954,2,0,0.0
OFF-AR-10001955,5,0,0.0
OFF-AR-10001958,6,2,0.3333333333333333
OFF-AR-10001972,2,0,0.0
OFF-AR-10001988,3,0,0.0
OFF-AR-10002053,3,0,0.0
OFF-AR-10002067,2,0,0.0
OFF-AR-10002135,3,0,0.0
OFF-AR-10002221,2,0,0.0
OFF-AR-10002240,3,0,0.0
OFF-AR-10002255,4,0,0.0
OFF-AR-10002257,3,0,0.0
OFF-AR-10002280,2,0,0.0
OFF-AR-10002335,4,0,0.0
OFF-AR-10002375,3,0,0.0
OFF-AR-10002399,4,0,0.0
OFF-AR-10002445,5,1,0.2
OFF-AR-10002467,2,0,0.0
OFF-AR-10002578,2,0,0.0
OFF-AR-10002656,2,0,0.0
OFF-AR-10002766,3,1,0.3333333333333333
OFF-AR-10002804,3,0,0.0
OFF-AR-10002818,2,0,0.0
OFF-AR-10002833,2,0,0.0
OFF-AR-10002956,5,0,0.0
OFF-AR-10002987,5,0,0.0
OFF-AR-10003045,4,0,0.0
OFF-AR-10003056,4,0,0.0
OFF-AR-10003087,2,0,0.0
OFF-AR-10003156,2,0,0.0
OFF-AR-10003158,4,0,0.0
OFF-AR-10003179,2,0,0.0
OFF-AR-10003183,3,0,0.0
OFF-AR-10003190,1,0,0.0
OFF-AR-10003217,1,0,0.0
OFF-AR-10003251,4,1,0.25
OFF-AR-10003338,6,0,0.0
OFF-AR-10003373,4,0,0.0
OFF-AR-10003394,4,0,0.0
OFF-AR-10003405,2,0,0.0
OFF-AR-10003469,4,0,0.0
OFF-AR-10003477,1,0,0.0
OFF-AR-10003478,2,0,0.0
OFF-AR-10003481,4,0,0.0
OFF-AR-10003504,4,0,0.0
OFF-AR-10003514,5,1,0.2
OFF-AR-10003560,4,0,0.0
OFF-AR-10003582,2,1,0.5
OFF-AR-10003602,5,1,0.2
OFF-AR-10003631,2,0,0.0
OFF-AR-10003651,3,0,0.0
OFF-AR-10003696,2,0,0.0
OFF-AR-10003727,4,0,0.0
OFF-AR-10003732,6,0,0.0
OFF-AR-10003752,2,0,0.0
OFF-AR-10003759,6,1,0.16666666666666666
OFF-AR-10003770,1,0,0.0
OFF-AR-10003772,1,0,0.0
OFF-AR-10003811,3,0,0.0
OFF-AR-10003829,5,0,0.0
OFF-AR-10003856,4,1,0.25
OFF-AR-10003876,1,0,0.0
OFF-AR-10003896,1,0,0.0
OFF-AR-10003903,1,0,0.0
OFF-AR-10003958,2,0,0.0
OFF-AR-10003986,1,0,0.0
OFF-AR-10004010,3,0,0.0
OFF-AR-10004022,5,0,0.0
OFF-AR-10004027,1,0,0.0
OFF-AR-10004042,1,0,0.0
OFF-AR-10004062,2,0,0.0
OFF-AR-10004078,7,0,0.0
OFF-AR-10004165,1,0,0.0
OFF-AR-10004260,3,0,0.0
OFF-AR-10004269,3,0,0.0
OFF-AR-10004344,5,0,0.0
OFF-AR-10004441,5,0,0.0
OFF-AR-10004456,3,0,0.0
OFF-AR-10004582,4,0,0.0
OFF-AR-10004587,1,0,0.0
OFF-AR-10004602,4,1,0.25
OFF-AR-10004648,1,0,0.0
OFF-AR-10004685,3,0,0.0
OFF-AR-10004691,1,0,0.0
OFF-AR-10004707,1,0,0.0
OFF-AR-10004752,3,0,0.0
OFF-AR-10004757,4,0,0.0
OFF-AR-10004790,2,0,0.0
OFF-AR-10004817,2,0,0.0
OFF-AR-10004930,1,0,0.0
OFF-AR-10004956,3,0,0.0
OFF-AR-10004974,1,0,0.0
OFF-AR-10004999,3,0,0.0
OFF-BI-10000014,7,0,0.0
OFF-BI-10000042,1,0,0.0
OFF-BI-10000050,5,0,0.0
OFF-BI-10000069,5,1,0.2
OFF-BI-10000088,4,0,0.0
OFF-BI-10000138,6,0,0.0
OFF-BI-10000145,8,0,0.0
OFF-BI-10000174,8,2,0.25
OFF-BI-10000201,3,0,0.0
OFF-BI-10000216,3,0,0.0
OFF-BI-10000279,4,0,0.0
OFF-BI-10000285,4,0,0.0
OFF-BI-10000301,10,0,0.0
OFF-BI-10000309,3,0,0.0
OFF-BI-10000315,4,0,0.0
OFF-BI-10000320,5,0,0.0
OFF-BI-10000343,8,1,0.125
OFF-BI-10000404,5,1,0.2
OFF-BI-10000474,4,0,0.0
OFF-BI-10000494,2,0,0.0
OFF-BI-10000545,5,0,0.0
OFF-BI-10000546,6,1,0.16666666666666666
OFF-BI-10000591,3,0,0.0
OFF-BI-10000605,4,0,0.0
OFF-BI-10000632,8,1,0.125
OFF-BI-10000666,4,0,0.0
OFF-BI-10000756,4,0,0.0
OFF-BI-10000773,4,0,0.0
OFF-BI-10000778,3,0,0.0
OFF-BI-10000822,3,0,0.0
OFF-BI-10000829,4,0,0.0
OFF-BI-10000831,3,0,0.0
OFF-BI-10000848,4,0,0.0
OFF-BI-10000948,3,0,0.0
OFF-BI-10000962,5,1,0.2
OFF-BI-10000977,8,1,0.125
OFF-BI-10001031,4,0,0.0
OFF-BI-10001036,5,0,0.0
OFF-BI-10001071,4,0,0.0
OFF-BI-10001072,2,0,0.0
OFF-BI-10001078,2,0,0.0
OFF-BI-10001097,4,0,0.0
OFF-BI-10001098,3,0,0.0
OFF-BI-10001107,4,0,0.0
OFF-BI-10001116,6,1,0.16666666666666666
OFF-BI-10001120,2,0,0.0
OFF-BI-10001132,2,0,0.0
OFF-BI-10001153,3,0,0.0
OFF-BI-10001191,5,0,0.0
OFF-BI-10001196,2,0,0.0
OFF-BI-10001249,2,0,0.0
OFF-BI-10001267,3,0,0.0
OFF-BI-10001294,3,1,0.3333333333333333
OFF-BI-10001308,3,0,0.0
OFF-BI-10001359,6,0,0.0
OFF-BI-10001460,4,1,0.25
OFF-BI-10001510,5,0,0.0
OFF-BI-10001524,9,1,0.1111111111111111
OFF-BI-10001525,5,1,0.2
OFF-BI-10001543,6,1,0.16666666666666666
OFF-BI-10001553,5,0,0.0
OFF-BI-10001575,2,0,0.0
OFF-BI-10001597,7,1,0.14285714285714285
OFF-BI-10001617,4,0,0.0
OFF-BI-10001628,6,0,0.0
OFF-BI-10001634,4,0,0.0
OFF-BI-10001636,6,0,0.0
OFF-BI-10001658,7,0,0.0
OFF-BI-10001670,8,0,0.0
OFF-BI-10001679,3,0,0.0
OFF-BI-10001718,6,0,0.0
OFF-BI-10001721,3,0,0.0
OFF-BI-10001757,7,0,0.0
OFF-BI-10001759,4,0,0.0
OFF-BI-10001765,1,0,0.0
OFF-BI-10001787,3,0,0.0
OFF-BI-10001890,5,0,0.0
OFF-BI-10001900,2,0,0.0
OFF-BI-10001922,3,0,0.0
OFF-BI-10001982,1,0,0.0
OFF-BI-10001989,9,0,0.0
OFF-BI-10002003,6,2,0.3333333333333333
OFF-BI-10002012,8,1,0.125
OFF-BI-10002026,9,0,0.0
OFF-BI-10002049,2,1,0.5
OFF-BI-10002071,6,2,0.3333333333333333
OFF-BI-10002072,4,0,0.0
OFF-BI-10002082,8,1,0.125
OFF-BI-10002103,6,2,0.3333333333333333
OFF-BI-10002133,5,0,0.0
OFF-BI-10002160,3,0,0.0
OFF-BI-10002194,2,0,0.0
OFF-BI-10002215,4,0,0.0
OFF-BI-10002225,5,0,0.0
OFF-BI-10002309,5,0,0.0
OFF-BI-10002353,8,0,0.0
OFF-BI-10002393,5,0,0.0
OFF-BI-10002412,4,0,0.0
OFF-BI-10002414,5,0,0.0
OFF-BI-10002429,5,0,0.0
OFF-BI-10002432,4,1,0.25
OFF-BI-10002437,1,0,0.0
OFF-BI-10002498,5,0,0.0
OFF-BI-10002557,5,0,0.0
OFF-BI-10002571,3,0,0.0
OFF-BI-10002609,4,0,0.0
OFF-BI-10002706,2,0,0.0
OFF-BI-10002735,5,0,0.0
OFF-BI-10002764,5,0,0.0
OFF-BI-10002794,3,1,0.3333333333333333
OFF-BI-10002799,3,0,0.0
OFF-BI-10002813,5,0,0.0
OFF-BI-10002824,7,0,0.0
OFF-BI-10002827,5,0,0.0
OFF-BI-10002852,4,0,0.0
OFF-BI-10002854,4,0,0.0
OFF-BI-10002867,2,0,0.0
OFF-BI-10002897,3,0,0.0
OFF-BI-10002931,1,0,0.0
OFF-BI-10002949,5,1,0.2
OFF-BI-10002954,3,0,0.0
OFF-BI-10002976,3,0,0.0
OFF-BI-10002982,5,0,0.0
OFF-BI-10003007,5,0,0.0
OFF-BI-10003091,4,0,0.0
OFF-BI-10003094,1,0,0.0
OFF-BI-10003166,5,1,0.2
OFF-BI-10003196,3,0,0.0
OFF-BI-10003274,7,0,0.0
OFF-BI-10003291,7,0,0.0
OFF-BI-10003305,4,0,0.0
OFF-BI-10003314,4,0,0.0
OFF-BI-10003350,2,0,0.0
OFF-BI-10003355,5,0,0.0
OFF-BI-10003364,8,2,0.25
OFF-BI-10003429,7,1,0.14285714285714285
OFF-BI-10003460,6,0,0.0
OFF-BI-10003476,4,0,0.0
OFF-BI-10003527,5,0,0.0
OFF-BI-10003529,2,0,0.0
OFF-BI-10003638,4,1,0.25
OFF-BI-10003650,5,1,0.2
OFF-BI-10003655,1,0,0.0
OFF-BI-10003656,5,0,0.0
OFF-BI-10003669,5,0,0.0
OFF-BI-10003676,6,0,0.0
OFF-BI-10003684,4,1,0.25
OFF-BI-10003694,4,0,0.0
OFF-BI-10003707,5,0,0.0
OFF-BI-10003708,3,0,0.0
OFF-BI-10003712,7,0,0.0
OFF-BI-10003718,1,0,0.0
OFF-BI-10003719,2,0,0.0
OFF-BI-10003727,6,1,0.16666666666666666
OFF-BI-10003784,3,0,0.0
OFF-BI-10003876,2,0,0.0
OFF-BI-10003910,8,0,0.0
OFF-BI-10003925,4,0,0.0
OFF-BI-10003963,2,0,0.0
OFF-BI-10003981,4,0,0.0
OFF-BI-10003982,6,0,0.0
OFF-BI-10003984,5,0,0.0
OFF-BI-10004001,5,0,0.0
OFF-BI-10004002,6,0,0.0
OFF-BI-10004022,5,0,0.0
OFF-BI-10004040,6,0,0.0
OFF-BI-10004094,3,1,0.3333333333333333
OFF-BI-10004099,2,0,0.0
OFF-BI-10004140,7,0,0.0
OFF-BI-10004141,4,0,0.0
OFF-BI-10004182,3,0,0.0
OFF-BI-10004187,2,0,0.0
OFF-BI-10004209,6,0,0.0
OFF-BI-10004224,4,1,0.25
OFF-BI-10004230,2,2,1.0
OFF-BI-10004233,6,0,0.0
OFF-BI-10004236,9,0,0.0
OFF-BI-10004308,3,0,0.0
OFF-BI-10004318,8,0,0.0
OFF-BI-10004330,5,1,0.2
OFF-BI-10004352,1,0,0.0
OFF-BI-10004364,9,0,0.0
OFF-BI-10004390,2,0,0.0
OFF-BI-10004410,2,0,0.0
OFF-BI-10004465,5,0,0.0
OFF-BI-10004492,4,1,0.25
OFF-BI-10004506,2,0,0.0
OFF-BI-10004519,3,0,0.0
OFF-BI-10004528,1,0,0.0
OFF-BI-10004584,5,0,0.0
OFF-BI-10004593,2,0,0.0
OFF-BI-10004600,5,0,0.0
OFF-BI-10004632,9,2,0.2222222222222222
OFF-BI-10004654,8,0,0.0
OFF-BI-10004656,4,0,0.0
OFF-BI-10004716,1,0,0.0
OFF-BI-10004728,8,0,0.0
OFF-BI-10004738,3,0,0.0
OFF-BI-10004781,4,0,0.0
OFF-BI-10004817,4,0,0.0
OFF-BI-10004826,5,0,0.0
OFF-BI-10004828,4,0,0.0
OFF-BI-10004876,1,1,1.0
OFF-BI-10004965,3,1,0.3333333333333333
OFF-BI-10004967,5,0,0.0
OFF-BI-10004970,7,0,0.0
OFF-BI-10004995,4,0,0.0
OFF-EN-10000056,2,0,0.0
OFF-EN-10000461,3,1,0.3333333333333333
OFF-EN-10000483,2,0,0.0
OFF-EN-10000927,2,0,0.0
OFF-EN-10001028,1,0,0.0
OFF-EN-10001099,3,0,0.0
OFF-EN-10001137,3,0,0.0
OFF-EN-10001141,4,0,0.0
OFF-EN-10001219,6,1,0.16666666666666666
OFF-EN-10001335,3,0,0.0
OFF-EN-10001415,3,0,0.0
OFF-EN-10001434,1,0,0.0
OFF-EN-10001453,3,0,0.0
OFF-EN-10001509,5,0,0.0
OFF-EN-10001532,2,0,0.0
OFF-EN-10001535,1,0,0.0
OFF-EN-10001539,1,0,0.0
OFF-EN-10001990,3,0,0.0
OFF-EN-10002230,3,0,0.0
OFF-EN-10002312,4,0,0.0
OFF-EN-10002500,4,0,0.0
OFF-EN-10002504,4,0,0.0
OFF-EN-10002592,3,1,0.3333333333333333
OFF-EN-10002600,2,0,0.0
OFF-EN-10002621,2,0,0.0
OFF-EN-10002831,2,0,0.0
OFF-EN-10002973,3,1,0.3333333333333333
OFF-EN-10002986,1,0,0.0
OFF-EN-10003001,3,0,0.0
OFF-EN-10003040,3,0,0.0
OFF-EN-10003055,4,0,0.0
OFF-EN-10003068,2,0,0.0
OFF-EN-10003072,1,1,1.0
OFF-EN-10003134,6,2,0.3333333333333333
OFF-EN-10003160,1,0,0.0
OFF-EN-10003286,2,0,0.0
OFF-EN-10003296,2,0,0.0
OFF-EN-10003448,2,0,0.0
OFF-EN-10003567,2,0,0.0
OFF-EN-10003798,1,0,0.0
OFF-EN-10003845,3,0,0.0
OFF-EN-10003862,2,0,0.0
OFF-EN-10004030,4,0,0.0
OFF-EN-10004147,1,0,0.0
OFF-EN-10004206,1,0,0.0
OFF-EN-10004386,4,0,0.0
OFF-EN-10004459,4,0,0.0
OFF-EN-10004483,4,0,0.0
OFF-EN-10004773,1,0,0.0
OFF-EN-10004846,3,0,0.0
OFF-EN-10004955,1,0,0.0
OFF-FA-10000053,3,0,0.0
OFF-FA-10000089,1,1,1.0
OFF-FA-10000134,3,0,0.0
OFF-FA-10000304,5,1,0.2
OFF-FA-10000490,1,0,0.0
OFF-FA-10000585,5,0,0.0
OFF-FA-10000611,4,0,0.0
OFF-FA-10000621,5,0,0.0
OFF-FA-10000624,4,0,0.0
OFF-FA-10000735,3,0,0.0
OFF-FA-10000840,1,0,0.0
OFF-FA-10000936,5,0,0.0
OFF-FA-10000992,3,0,0.0
OFF-FA-10001135,2,0,0.0
OFF-FA-10001229,1,0,0.0
OFF-FA-10001332,3,0,0.0
OFF-FA-10001561,3,1,0.3333333333333333
OFF-FA-10001754,2,0,0.0
OFF-FA-10001843,3,0,0.0
OFF-FA-10001883,2,0,0.0
OFF-FA-10002280,6,1,0.16666666666666666
OFF-FA-10002676,3,0,0.0
OFF-FA-10002701,1,0,0.0
OFF-FA-10002763,3,0,0.0
OFF-FA-10002780,4,1,0.25
OFF-FA-10002975,3,0,0.0
OFF-FA-10002983,3,0,0.0
OFF-FA-10002988,6,0,0.0
OFF-FA-10003021,1,0,0.0
OFF-FA-10003059,3,0,0.0
OFF-FA-10003112,4,0,0.0
OFF-FA-10003467,2,0,0.0
OFF-FA-10003472,4,0,0.0
OFF-FA-10003495,5,0,0.0
OFF-FA-10004076,3,0,0.0
OFF-FA-10004248,3,1,0.3333333333333333
OFF-FA-10004395,3,0,0.0
OFF-FA-10004838,2,0,0.0
OFF-FA-10004854,3,0,0.0
OFF-FA-10004968,3,0,0.0
OFF-LA-10000081,4,0,0.0
OFF-LA-10000121,2,0,0.0
OFF-LA-10000134,5,0,0.0
OFF-LA-10000240,3,0,0.0
OFF-LA-10000248,5,0,0.0
OFF-LA-10000262,4,0,0.0
OFF-LA-10000305,2,0,0.0
OFF-LA-10000407,3,0,0.0
OFF-LA-10000414,2,0,0.0
OFF-LA-10000443,2,0,0.0
OFF-LA-10000452,2,0,0.0
OFF-LA-10000476,1,0,0.0
OFF-LA-10000634,2,0,0.0
OFF-LA-10000973,3,0,0.0
OFF-LA-10001045,4,0,0.0
OFF-LA-10001074,3,0,0.0
OFF-LA-10001158,6,2,0.3333333333333333
OFF-LA-10001175,1,0,0.0
OFF-LA-10001297,6,0,0.0
OFF-LA-10001317,3,0,0.0
OFF-LA-10001404,4,1,0.25
OFF-LA-10001474,2,0,0.0
OFF-LA-10001569,6,0,0.0
OFF-LA-10001613,7,0,0.0
OFF-LA-10001641,4,1,0.25
OFF-LA-10001771,2,0,0.0
OFF-LA-10001934,1,0,0.0
OFF-LA-10001982,2,0,0.0
OFF-LA-10002034,4,1,0.25
OFF-LA-10002043,1,0,0.0
OFF-LA-10002195,4,0,0.0
OFF-LA-10002271,2,0,0.0
OFF-LA-10002312,2,0,0.0
OFF-LA-10002368,1,0,0.0
OFF-LA-10002381,1,0,0.0
OFF-LA-10002473,1,0,0.0
OFF-LA-10002475,5,0,0.0
OFF-LA-10002762,1,0,0.0
OFF-LA-10002787,2,0,0.0
OFF-LA-10002945,3,0,0.0
OFF-LA-10003077,1,1,1.0
OFF-LA-10003121,1,0,0.0
OFF-LA-10003148,2,0,0.0
OFF-LA-10003190,4,1,0.25
OFF-LA-10003223,3,0,0.0
OFF-LA-10003388,1,0,0.0
OFF-LA-10003498,3,0,0.0
OFF-LA-10003510,6,0,0.0
OFF-LA-10003537,2,0,0.0
OFF-LA-10003663,3,0,0.0
OFF-LA-10003714,2,0,0.0
OFF-LA-10003720,6,1,0.16666666666666666
OFF-LA-10003766,5,0,0.0
OFF-LA-10003923,6,1,0.16666666666666666
OFF-LA-10003930,3,0,0.0
OFF-LA-10004055,2,0,0.0
OFF-LA-10004093,6,0,0.0
OFF-LA-10004178,2,0,0.0
OFF-LA-10004272,1,0,0.0
OFF-LA-10004345,4,0,0.0
OFF-LA-10004409,2,0,0.0
OFF-LA-10004425,1,0,0.0
OFF-LA-10004484,5,0,0.0
OFF-LA-10004544,4,1,0.25
OFF-LA-10004545,4,0,0.0
OFF-LA-10004559,5,0,0.0
OFF-LA-10004677,1,0,0.0
OFF-LA-10004689,4,0,0.0
OFF-LA-10004853,4,0,0.0
OFF-PA-10000007,3,0,0.0
OFF-PA-10000019,5,1,0.2
OFF-PA-10000029,3,0,0.0
OFF-PA-10000061,1,0,0.0
OFF-PA-10000062,4,0,0.0
OFF-PA-10000069,1,0,0.0
OFF-PA-10000100,6,0,0.0
OFF-PA-10000130,2,0,0.0
OFF-PA-10000141,2,0,0.0
OFF-PA-10000143,4,0,0.0
OFF-PA-10000157,7,0,0.0
OFF-PA-10000167,4,0,0.0
OFF-PA-10000174,1,0,0.0
OFF-PA-10000176,5,0,0.0
OFF-PA-10000210,1,0,0.0
OFF-PA-10000223,1,0,0.0
OFF-PA-10000232,5,1,0.2
OFF-PA-10000241,6,0,0.0
OFF-PA-10000246,2,0,0.0
OFF-PA-10000249,4,0,0.0
OFF-PA-10000289,3,0,0.0
OFF-PA-10000295,1,0,0.0
OFF-PA-10000300,2,0,0.0
OFF-PA-10000304,2,0,0.0
OFF-PA-10000308,1,0,0.0
OFF-PA-10000312,1,1,1.0
OFF-PA-10000327,3,0,0.0
OFF-PA-10000349,3,0,0.0
OFF-PA-10000350,1,0,0.0
OFF-PA-10000357,9,0,0.0
OFF-PA-10000380,6,1,0.16666666666666666
OFF-PA-10000418,5,0,0.0
OFF-PA-10000466,1,0,0.0
OFF-PA-10000474,6,0,0.0
OFF-PA-10000477,4,0,0.0
OFF-PA-10000482,3,0,0.0
OFF-PA-10000483,3,0,0.0
OFF-PA-10000501,1,0,0.0
OFF-PA-10000520,4,0,0.0
OFF-PA-10000528,1,0,0.0
OFF-PA-10000533,2,0,0.0
OFF-PA-10000551,3,0,0.0
OFF-PA-10000552,3,0,0.0
OFF-PA-10000556,1,0,0.0
OFF-PA-10000565,2,0,0.0
OFF-PA-10000575,6,0,0.0
OFF-PA-10000587,1,0,0.0
OFF-PA-10000595,1,0,0.0
OFF-PA-10000605,2,0,0.0
OFF-PA-10000659,3,0,0.0
OFF-PA-10000673,2,0,0.0
OFF-PA-10000675,5,1,0.2
OFF-PA-10000682,3,1,0.3333333333333333
OFF-PA-10000697,3,0,0.0
OFF-PA-10000726,2,0,0.0
OFF-PA-10000740,3,0,0.0
OFF-PA-10000743,4,1,0.25
OFF-PA-10000788,3,0,0.0
OFF-PA-10000791,5,0,0.0
OFF-PA-10000806,3,0,0.0
OFF-PA-10000807,3,1,0.3333333333333333
OFF-PA-10000809,4,0,0.0
OFF-PA-10000859,2,0,0.0
OFF-PA-10000955,1,0,0.0
OFF-PA-10000994,7,0,0.0
OFF-PA-10001001,1,0,0.0
OFF-PA-10001019,3,0,0.0
OFF-PA-10001033,8,0,0.0
OFF-PA-10001125,4,0,0.0
OFF-PA-10001144,2,0,0.0
OFF-PA-10001166,4,0,0.0
OFF-PA-10001184,1,0,0.0
OFF-PA-10001204,3,0,0.0
OFF-PA-10001215,1,0,0.0
OFF-PA-10001243,1,0,0.0
OFF-PA-10001246,2,0,0.0
OFF-PA-10001260,2,0,0.0
OFF-PA-10001281,1,0,0.0
OFF-PA-10001289,4,1,0.25
OFF-PA-10001293,2,0,0.0
OFF-PA-10001295,4,0,0.0
OFF-PA-10001307,1,0,0.0
OFF-PA-10001357,3,0,0.0
OFF-PA-10001363,2,1,0.5
OFF-PA-10001461,2,0,0.0
OFF-PA-10001471,3,0,0.0
OFF-PA-10001497,4,0,0.0
OFF-PA-10001509,3,0,0.0
OFF-PA-10001526,2,0,0.0
OFF-PA-10001534,5,0,0.0
OFF-PA-10001560,2,0,0.0
OFF-PA-10001569,2,0,0.0
OFF-PA-10001593,4,1,0.25
OFF-PA-10001609,3,0,0.0
OFF-PA-10001622,2,0,0.0
OFF-PA-10001639,4,0,0.0
OFF-PA-10001667,5,0,0.0
OFF-PA-10001685,4,0,0.0
OFF-PA-10001712,1,0,0.0
OFF-PA-10001725,1,0,0.0
OFF-PA-10001736,4,0,0.0
OFF-PA-10001745,3,0,0.0
OFF-PA-10001752,2,0,0.0
OFF-PA-10001763,1,0,0.0
OFF-PA-10001776,6,0,0.0
OFF-PA-10001790,3,0,0.0
OFF-PA-10001800,5,0,0.0
OFF-PA-10001801,2,0,0.0
OFF-PA-10001804,3,0,0.0
OFF-PA-10001815,3,0,0.0
OFF-PA-10001826,1,0,0.0
OFF-PA-10001837,1,0,0.0
OFF-PA-10001838,7,1,0.14285714285714285
OFF-PA-10001846,3,0,0.0
OFF-PA-10001870,6,0,0.0
OFF-PA-10001878,4,0,0.0
OFF-PA-10001892,5,1,0.2
OFF-PA-10001934,7,0,0.0
OFF-PA-10001937,2,0,0.0
OFF-PA-10001950,3,0,0.0
OFF-PA-10001954,2,0,0.0
OFF-PA-10001970,12,1,0.08333333333333333
OFF-PA-10001972,6,0,0.0
OFF-PA-10001977,2,0,0.0
OFF-PA-10001994,3,0,0.0
OFF-PA-10002001,1,0,0.0
OFF-PA-10002005,6,0,0.0
OFF-PA-10002036,4,1,0.25
OFF-PA-10002105,1,0,0.0
OFF-PA-10002109,1,0,0.0
OFF-PA-10002120,1,0,0.0
OFF-PA-10002137,3,0,0.0
OFF-PA-10002160,4,0,0.0
OFF-PA-10002195,7,0,0.0
OFF-PA-10002222,3,0,0.0
OFF-PA-10002230,1,0,0.0
OFF-PA-10002245,3,0,0.0
OFF-PA-10002246,5,0,0.0
OFF-PA-10002250,5,0,0.0
OFF-PA-10002254,4,1,0.25
OFF-PA-10002262,4,1,0.25
OFF-PA-10002319,3,0,0.0
OFF-PA-10002333,1,0,0.0
OFF-PA-10002365,1,0,0.0
OFF-PA-10002377,9,1,0.1111111111111111
OFF-PA-10002421,4,0,0.0
OFF-PA-10002464,3,0,0.0
OFF-PA-10002479,7,0,0.0
OFF-PA-10002499,1,0,0.0
OFF-PA-10002552,2,0,0.0
OFF-PA-10002558,1,0,0.0
OFF-PA-10002581,3,0,0.0
OFF-PA-10002586,2,0,0.0
OFF-PA-10002606,2,0,0.0
OFF-PA-10002615,7,0,0.0
OFF-PA-10002659,2,0,0.0
OFF-PA-10002666,4,0,0.0
OFF-PA-10002689,2,0,0.0
OFF-PA-10002709,1,0,0.0
OFF-PA-10002713,7,1,0.14285714285714285
OFF-PA-10002741,2,1,0.5
OFF-PA-10002749,2,0,0.0
OFF-PA-10002751,2,0,0.0
OFF-PA-10002764,3,0,0.0
OFF-PA-10002787,6,0,0.0
OFF-PA-10002870,4,0,0.0
OFF-PA-10002893,2,0,0.0
OFF-PA-10002923,4,0,0.0
OFF-PA-10002947,3,0,0.0
OFF-PA-10002986,8,1,0.125
OFF-PA-10003001,2,0,0.0
OFF-PA-10003016,1,0,0.0
OFF-PA-10003022,5,0,0.0
OFF-PA-10003036,1,0,0.0
OFF-PA-10003039,3,0,0.0
OFF-PA-10003072,3,0,0.0
OFF-PA-10003127,4,0,0.0
OFF-PA-10003129,3,0,0.0
OFF-PA-10003134,3,0,0.0
OFF-PA-10003172,7,1,0.14285714285714285
OFF-PA-10003177,2,0,0.0
OFF-PA-10003205,2,0,0.0
OFF-PA-10003228,2,0,0.0
OFF-PA-10003256,2,0,0.0
OFF-PA-10003270,1,0,0.0
OFF-PA-10003302,4,0,0.0
OFF-PA-10003309,1,0,0.0
OFF-PA-10003349,1,0,0.0
OFF-PA-10003363,1,0,0.0
OFF-PA-10003395,2,0,0.0
OFF-PA-10003424,3,1,0.3333333333333333
OFF-PA-10003441,6,0,0.0
OFF-PA-10003465,2,0,0.0
OFF-PA-10003591,1,0,0.0
OFF-PA-10003625,1,0,0.0
OFF-PA-10003641,5,1,0.2
OFF-PA-10003651,5,2,0.4
OFF-PA-10003656,3,0,0.0
OFF-PA-10003657,3,0,0.0
OFF-PA-10003673,9,0,0.0
OFF-PA-10003724,4,0,0.0
OFF-PA-10003729,2,0,0.0
OFF-PA-10003739,1,0,0.0
OFF-PA-10003790,4,0,0.0
OFF-PA-10003797,3,0,0.0
OFF-PA-10003823,1,0,0.0
OFF-PA-10003845,3,1,0.3333333333333333
OFF-PA-10003848,5,0,0.0
OFF-PA-10003883,1,0,0.0
OFF-PA-10003892,3,0,0.0
OFF-PA-10003893,5,1,0.2
OFF-PA-10003919,1,0,0.0
OFF-PA-10003936,2,0,0.0
OFF-PA-10003953,4,0,0.0
OFF-PA-10003971,3,0,0.0
OFF-PA-10004000,1,0,0.0
OFF-PA-10004022,2,0,0.0
OFF-PA-10004039,4,1,0.25
OFF-PA-10004040,4,0,0.0
OFF-PA-10004041,4,1,0.25
OFF-PA-10004071,6,0,0.0
OFF-PA-10004082,4,0,0.0
OFF-PA-10004092,2,0,0.0
OFF-PA-10004100,4,0,0.0
OFF-PA-10004101,3,0,0.0
OFF-PA-10004156,4,0,0.0
OFF-PA-10004239,3,0,0.0
OFF-PA-10004243,5,0,0.0
OFF-PA-10004255,1,0,0.0
OFF-PA-10004285,4,0,0.0
OFF-PA-10004327,5,0,0.0
OFF-PA-10004353,3,1,0.3333333333333333
OFF-PA-10004355,4,0,0.0
OFF-PA-10004359,3,0,0.0
OFF-PA-10004381,4,0,0.0
OFF-PA-10004405,1,0,0.0
OFF-PA-10004438,3,0,0.0
OFF-PA-10004451,5,0,0.0
OFF-PA-10004470,1,0,0.0
OFF-PA-10004475,3,0,0.0
OFF-PA-10004519,2,0,0.0
OFF-PA-10004530,1,0,0.0
OFF-PA-10004569,3,0,0.0
OFF-PA-10004609,3,1,0.3333333333333333
OFF-PA-10004610,4,1,0.25
OFF-PA-10004621,5,0,0.0
OFF-PA-10004665,3,0,0.0
OFF-PA-10004675,6,0,0.0
OFF-PA-10004733,2,0,0.0
OFF-PA-10004734,1,0,0.0
OFF-PA-10004735,5,1,0.2
OFF-PA-10004782,3,0,0.0
OFF-PA-10004888,5,0,0.0
OFF-PA-10004911,5,1,0.2
OFF-PA-10004947,1,0,0.0
OFF-PA-10004965,2,0,0.0
OFF-PA-10004971,7,0,0.0
OFF-PA-10004983,4,0,0.0
OFF-PA-10004996,4,0,0.0
OFF-ST-10000025,4,0,0.0
OFF-ST-10000036,4,0,0.0
OFF-ST-10000046,2,0,0.0
OFF-ST-10000060,7,1,0.14285714285714285
OFF-ST-10000078,4,0,0.0
OFF-ST-10000129,1,0,0.0
OFF-ST-10000136,2,0,0.0
OFF-ST-10000142,4,0,0.0
OFF-ST-10000321,4,1,0.25
OFF-ST-10000344,5,0,0.0
OFF-ST-10000352,4,0,0.0
OFF-ST-10000419,5,0,0.0
OFF-ST-10000464,3,0,0.0
OFF-ST-10000532,2,1,0.5
OFF-ST-10000563,7,0,0.0
OFF-ST-10000585,2,0,0.0
OFF-ST-10000604,6,0,0.0
OFF-ST-10000615,7,1,0.14285714285714285
OFF-ST-10000617,4,0,0.0
OFF-ST-10000636,4,0,0.0
OFF-ST-10000642,4,0,0.0
OFF-ST-10000649,4,1,0.25
OFF-ST-10000675,5,0,0.0
OFF-ST-10000676,2,0,0.0
OFF-ST-10000689,5,0,0.0
OFF-ST-10000736,6,0,0.0
OFF-ST-10000760,2,0,0.0
OFF-ST-10000777,3,1,0.3333333333333333
OFF-ST-10000798,1,0,0.0
OFF-ST-10000876,5,0,0.0
OFF-ST-10000877,1,0,0.0
OFF-ST-10000885,2,0,0.0
OFF-ST-10000918,5,1,0.2
OFF-ST-10000934,2,0,0.0
OFF-ST-10000943,2,0,0.0
OFF-ST-10000991,3,0,0.0
OFF-ST-10001031,3,0,0.0
OFF-ST-10001097,3,0,0.0
OFF-ST-10001128,3,0,0.0
OFF-ST-10001172,1,0,0.0
OFF-ST-10001228,6,0,0.0
OFF-ST-10001272,4,0,0.0
OFF-ST-10001291,3,0,0.0
OFF-ST-10001321,2,1,0.5
OFF-ST-10001325,10,1,0.1
OFF-ST-10001328,4,0,0.0
OFF-ST-10001370,6,1,0.16666666666666666
OFF-ST-10001414,1,0,0.0
OFF-ST-10001418,4,0,0.0
OFF-ST-10001469,3,0,0.0
OFF-ST-10001476,4,0,0.0
OFF-ST-10001490,6,1,0.16666666666666666
OFF-ST-10001496,7,1,0.14285714285714285
OFF-ST-10001505,3,0,0.0
OFF-ST-10001511,4,0,0.0
OFF-ST-10001522,6,0,0.0
OFF-ST-10001526,5,0,0.0
OFF-ST-10001558,7,1,0.14285714285714285
OFF-ST-10001580,5,0,0.0
OFF-ST-10001590,7,0,0.0
OFF-ST-10001627,1,0,0.0
OFF-ST-10001713,2,0,0.0
OFF-ST-10001780,4,0,0.0
OFF-ST-10001809,6,0,0.0
OFF-ST-10001837,5,0,0.0
OFF-ST-10001932,5,0,0.0
OFF-ST-10001963,2,0,0.0
OFF-ST-10002011,1,0,0.0
OFF-ST-10002182,2,0,0.0
OFF-ST-10002205,2,0,0.0
OFF-ST-10002214,6,0,0.0
OFF-ST-10002276,4,0,0.0
OFF-ST-10002289,2,0,0.0
OFF-ST-10002292,2,0,0.0
OFF-ST-10002301,6,0,0.0
OFF-ST-10002344,4,0,0.0
OFF-ST-10002352,4,0,0.0
OFF-ST-10002370,4,1,0.25
OFF-ST-10002406,3,0,0.0
OFF-ST-10002444,1,0,0.0
OFF-ST-10002485,6,0,0.0
OFF-ST-10002486,4,0,0.0
OFF-ST-10002554,4,0,0.0
OFF-ST-10002562,4,0,0.0
OFF-ST-10002574,5,0,0.0
OFF-ST-10002583,4,0,0.0
OFF-ST-10002615,5,0,0.0
OFF-ST-10002743,6,1,0.16666666666666666
OFF-ST-10002756,5,1,0.2
OFF-ST-10002790,4,0,0.0
OFF-ST-10002957,3,1,0.3333333333333333
OFF-ST-10002974,5,1,0.2
OFF-ST-10003058,3,0,0.0
OFF-ST-10003123,6,1,0.16666666666666666
OFF-ST-10003208,7,0,0.0
OFF-ST-10003221,1,0,0.0
OFF-ST-10003282,3,0,0.0
OFF-ST-10003306,5,0,0.0
OFF-ST-10003324,2,0,0.0
OFF-ST-10003327,2,0,0.0
OFF-ST-10003442,6,1,0.16666666666666666
OFF-ST-10003455,5,0,0.0
OFF-ST-10003470,2,0,0.0
OFF-ST-10003479,4,0,0.0
OFF-ST-10003572,1,0,0.0
OFF-ST-10003638,2,0,0.0
OFF-ST-10003641,1,0,0.0
OFF-ST-10003656,3,0,0.0
OFF-ST-10003692,3,0,0.0
OFF-ST-10003716,8,0,0.0
OFF-ST-10003722,2,0,0.0
OFF-ST-10003805,3,0,0.0
OFF-ST-10003816,4,0,0.0
OFF-ST-10003994,2,0,0.0
OFF-ST-10003996,3,0,0.0
OFF-ST-10004123,5,0,0.0
OFF-ST-10004180,4,0,0.0
OFF-ST-10004186,1,0,0.0
OFF-ST-10004258,1,0,0.0
OFF-ST-10004337,2,0,0.0
OFF-ST-10004340,8,0,0.0
OFF-ST-10004459,5,0,0.0
OFF-ST-10004507,7,1,0.14285714285714285
OFF-ST-10004634,4,0,0.0
OFF-ST-10004804,6,0,0.0
OFF-ST-10004835,4,0,0.0
OFF-ST-10004946,1,0,0.0
OFF-ST-10004950,6,0,0.0
OFF-ST-10004963,4,0,0.0
OFF-SU-10000151,2,0,0.0
OFF-SU-10000157,4,0,0.0
OFF-SU-10000381,7,0,0.0
OFF-SU-10000432,1,0,0.0
OFF-SU-10000646,4,0,0.0
OFF-SU-10000898,3,0,0.0
OFF-SU-10000946,4,2,0.5
OFF-SU-10000952,3,0,0.0
OFF-SU-10001165,4,0,0.0
OFF-SU-10001212,2,0,0.0
OFF-SU-10001218,6,0,0.0
OFF-SU-10001225,4,0,0.0
OFF-SU-10001574,4,0,0.0
OFF-SU-10001664,5,0,0.0
OFF-SU-10001935,4,1,0.25
OFF-SU-10002189,1,0,0.0
OFF-SU-10002301,1,0,0.0
OFF-SU-10002503,4,1,0.25
OFF-SU-10002522,2,0,0.0
OFF-SU-10002537,2,0,0.0
OFF-SU-10002557,3,0,0.0
OFF-SU-10002573,5,0,0.0
OFF-SU-10002881,4,1,0.25
OFF-SU-10003002,1,0,0.0
OFF-SU-10003505,8,0,0.0
OFF-SU-10003567,1,0,0.0
OFF-SU-10004115,2,0,0.0
OFF-SU-10004231,4,0,0.0
OFF-SU-10004261,3,0,0.0
OFF-SU-10004290,1,0,0.0
OFF-SU-10004498,4,0,0.0
OFF-SU-10004661,2,0,0.0
OFF-SU-10004664,3,0,0.0
OFF-SU-10004737,1,0,0.0
OFF-SU-10004768,2,0,0.0
OFF-SU-10004782,6,0,0.0
OFF-SU-10004884,2,0,0.0
TEC-AC-10000057,4,0,0.0
TEC-AC-10000109,5,1,0.2
TEC-AC-10000158,7,0,0.0
TEC-AC-10000171,3,0,0.0
TEC-AC-10000199,2,0,0.0
TEC-AC-10000290,2,0,0.0
TEC-AC-10000303,2,0,0.0
TEC-AC-10000358,3,1,0.3333333333333333
TEC-AC-10000387,2,1,0.5
TEC-AC-10000397,2,0,0.0
TEC-AC-10000420,4,0,0.0
TEC-AC-10000474,4,0,0.0
TEC-AC-10000487,1,0,0.0
TEC-AC-10000521,3,0,0.0
TEC-AC-10000580,4,1,0.25
TEC-AC-10000682,5,0,0.0
TEC-AC-10000736,2,0,0.0
TEC-AC-10000844,4,0,0.0
TEC-AC-10000865,1,0,0.0
TEC-AC-10000892,3,0,0.0
TEC-AC-10000926,1,0,0.0
TEC-AC-10000927,3,0,0.0
TEC-AC-10000990,2,1,0.5
TEC-AC-10000991,4,0,0.0
TEC-AC-10001013,5,1,0.2
TEC-AC-10001090,1,0,0.0
TEC-AC-10001101,1,0,0.0
TEC-AC-10001109,7,0,0.0
TEC-AC-10001114,4,0,0.0
TEC-AC-10001142,3,0,0.0
TEC-AC-10001266,4,0,0.0
TEC-AC-10001267,2,0,0.0
TEC-AC-10001284,3,0,0.0
TEC-AC-10001314,3,0,0.0
TEC-AC-10001383,2,1,0.5
TEC-AC-10001432,3,0,0.0
TEC-AC-10001445,2,0,0.0
TEC-AC-10001465,7,1,0.14285714285714285
TEC-AC-10001539,3,0,0.0
TEC-AC-10001552,2,0,0.0
TEC-AC-10001553,3,0,0.0
TEC-AC-10001606,2,0,0.0
TEC-AC-10001635,1,0,0.0
TEC-AC-10001714,7,0,0.0
TEC-AC-10001767,4,0,0.0
TEC-AC-10001772,5,1,0.2
TEC-AC-10001838,5,0,0.0
TEC-AC-10001874,1,0,0.0
TEC-AC-10001908,4,0,0.0
TEC-AC-10001990,4,0,0.0
TEC-AC-10001998,5,1,0.2
TEC-AC-10002001,4,0,0.0
TEC-AC-10002006,4,0,0.0
TEC-AC-10002020,2,0,0.0
TEC-AC-10002049,8,0,0.0
TEC-AC-10002076,1,0,0.0
TEC-AC-10002134,2,0,0.0
TEC-AC-10002167,6,0,0.0
TEC-AC-10002217,4,0,0.0
TEC-AC-10002253,1,0,0.0
TEC-AC-10002305,5,0,0.0
TEC-AC-10002323,6,0,0.0
TEC-AC-10002331,4,0,0.0
TEC-AC-10002335,3,0,0.0
TEC-AC-10002345,3,0,0.0
TEC-AC-10002370,1,0,0.0
TEC-AC-10002380,1,0,0.0
TEC-AC-10002399,4,0,0.0
TEC-AC-10002402,5,0,0.0
TEC-AC-10002473,7,0,0.0
TEC-AC-10002550,2,0,0.0
TEC-AC-10002558,1,0,0.0
TEC-AC-10002567,4,0,0.0
TEC-AC-10002637,3,0,0.0
TEC-AC-10002647,1,1,1.0
TEC-AC-10002800,4,0,0.0
TEC-AC-10002842,6,0,0.0
TEC-AC-10002857,2,0,0.0
TEC-AC-10002926,6,1,0.16666666666666666
TEC-AC-10002942,5,0,0.0
TEC-AC-10003023,3,0,0.0
TEC-AC-10003027,3,0,0.0
TEC-AC-10003033,7,0,0.0
TEC-AC-10003038,7,1,0.14285714285714285
TEC-AC-10003063,5,0,0.0
TEC-AC-10003095,3,0,0.0
TEC-AC-10003116,6,0,0.0
TEC-AC-10003133,1,0,0.0
TEC-AC-10003174,4,1,0.25
TEC-AC-10003237,1,0,0.0
TEC-AC-10003280,4,0,0.0
TEC-AC-10003289,2,1,0.5
TEC-AC-10003399,3,0,0.0
TEC-AC-10003433,3,0,0.0
TEC-AC-10003441,5,0,0.0
TEC-AC-10003447,3,0,0.0
TEC-AC-10003499,3,0,0.0
TEC-AC-10003590,3,0,0.0
TEC-AC-10003610,5,1,0.2
TEC-AC-10003614,4,0,0.0
TEC-AC-10003628,7,0,0.0
TEC-AC-10003657,2,0,0.0
TEC-AC-10003709,2,0,0.0
TEC-AC-10003832,15,0,0.0
TEC-AC-10003870,3,0,0.0
TEC-AC-10003911,3,0,0.0
TEC-AC-10004001,2,0,0.0
TEC-AC-10004114,1,0,0.0
TEC-AC-10004145,3,0,0.0
TEC-AC-10004171,2,0,0.0
TEC-AC-10004209,2,0,0.0
TEC-AC-10004227,3,0,0.0
TEC-AC-10004353,3,0,0.0
TEC-AC-10004420,1,0,0.0
TEC-AC-10004469,7,1,0.14285714285714285
TEC-AC-10004510,9,0,0.0
TEC-AC-10004518,2,0,0.0
TEC-AC-10004568,4,0,0.0
TEC-AC-10004571,6,0,0.0
TEC-AC-10004595,2,0,0.0
TEC-AC-10004633,3,0,0.0
TEC-AC-10004659,3,0,0.0
TEC-AC-10004666,2,0,0.0
TEC-AC-10004708,2,0,0.0
TEC-AC-10004761,2,0,0.0
TEC-AC-10004803,3,0,0.0
TEC-AC-10004855,4,1,0.25
TEC-AC-10004859,2,0,0.0
TEC-AC-10004864,3,0,0.0
TEC-AC-10004877,3,0,0.0
TEC-AC-10004901,2,0,0.0
TEC-AC-10004975,3,0,0.0
TEC-AC-10004992,2,0,0.0
TEC-CO-10000971,5,0,0.0
TEC-CO-10001046,3,0,0.0
TEC-CO-10001449,6,0,0.0
TEC-CO-10001571,1,1,1.0
TEC-CO-10001943,4,0,0.0
TEC-CO-10002095,4,0,0.0
TEC-CO-10002313,2,0,0.0
TEC-CO-10003236,2,0,0.0
TEC-CO-10003763,2,0,0.0
TEC-CO-10004115,2,0,0.0
TEC-CO-10004202,2,0,0.0
TEC-CO-10004722,5,1,0.2
TEC-MA-10000010,1,0,0.0
TEC-MA-10000112,1,0,0.0
TEC-MA-10000418,2,0,0.0
TEC-MA-10000423,1,0,0.0
TEC-MA-10000488,3,1,0.3333333333333333
TEC-MA-10000752,2,0,0.0
TEC-MA-10000822,2,0,0.0
TEC-MA-10000904,1,0,0.0
TEC-MA-10000984,2,0,0.0
TEC-MA-10001016,1,0,0.0
TEC-MA-10001031,1,0,0.0
TEC-MA-10001047,2,0,0.0
TEC-MA-10001127,1,0,0.0
TEC-MA-10001148,3,0,0.0
TEC-MA-10001570,1,0,0.0
TEC-MA-10001681,1,0,0.0
TEC-MA-10001695,1,0,0.0
TEC-MA-10001856,1,0,0.0
TEC-MA-10001972,3,0,0.0
TEC-MA-10002073,1,0,0.0
TEC-MA-10002109,2,0,0.0
TEC-MA-10002178,2,0,0.0
TEC-MA-10002210,1,0,0.0
TEC-MA-10002428,2,0,0.0
TEC-MA-10002930,2,1,0.5
TEC-MA-10002937,1,0,0.0
TEC-MA-10002981,1,0,0.0
TEC-MA-10003066,1,0,0.0
TEC-MA-10003173,2,0,0.0
TEC-MA-10003176,2,0,0.0
TEC-MA-10003183,2,0,0.0
TEC-MA-10003230,1,0,0.0
TEC-MA-10003337,1,0,0.0
TEC-MA-10003356,2,0,0.0
TEC-MA-10003493,1,0,0.0
TEC-MA-10003589,1,0,0.0
TEC-MA-10003673,1,0,0.0
TEC-MA-10003674,1,0,0.0
TEC-MA-10003979,1,0,0.0
TEC-MA-10004002,1,0,0.0
TEC-MA-10004125,1,0,0.0
TEC-MA-10004255,1,0,0.0
TEC-MA-10004458,1,0,0.0
TEC-MA-10004626,2,0,0.0
TEC-MA-10004679,1,1,1.0
TEC-PH-10000004,2,0,0.0
TEC-PH-10000011,3,0,0.0
TEC-PH-10000038,2,0,0.0
TEC-PH-10000127,2,0,0.0
TEC-PH-10000141,3,0,0.0
TEC-PH-10000148,5,1,0.2
TEC-PH-10000149,3,0,0.0
TEC-PH-10000169,2,0,0.0
TEC-PH-10000193,3,0,0.0
TEC-PH-10000213,2,0,0.0
TEC-PH-10000215,4,1,0.25
TEC-PH-10000307,1,0,0.0
TEC-PH-10000347,3,0,0.0
TEC-PH-10000369,1,0,0.0
TEC-PH-10000376,2,0,0.0
TEC-PH-10000439,3,1,0.3333333333333333
TEC-PH-10000441,3,0,0.0
TEC-PH-10000455,2,0,0.0
TEC-PH-10000526,3,1,0.3333333333333333
TEC-PH-10000560,3,1,0.3333333333333333
TEC-PH-10000562,1,0,0.0
TEC-PH-10000576,3,0,0.0
TEC-PH-10000586,2,0,0.0
TEC-PH-10000673,3,0,0.0
TEC-PH-10000675,2,0,0.0
TEC-PH-10000702,4,1,0.25
TEC-PH-10000895,3,0,0.0
TEC-PH-10000912,1,0,0.0
TEC-PH-10000923,4,0,0.0
TEC-PH-10000984,4,0,0.0
TEC-PH-10001051,1,1,1.0
TEC-PH-10001061,1,0,0.0
TEC-PH-10001079,2,0,0.0
TEC-PH-10001198,3,0,0.0
TEC-PH-10001254,3,0,0.0
TEC-PH-10001299,2,0,0.0
TEC-PH-10001300,3,0,0.0
TEC-PH-10001305,5,0,0.0
TEC-PH-10001336,6,0,0.0
TEC-PH-10001363,2,0,0.0
TEC-PH-10001425,3,0,0.0
TEC-PH-10001433,3,0,0.0
TEC-PH-10001448,5,0,0.0
TEC-PH-10001459,5,1,0.2
TEC-PH-10001468,1,0,0.0
TEC-PH-10001494,3,0,0.0
TEC-PH-10001527,2,0,0.0
TEC-PH-10001530,4,0,0.0
TEC-PH-10001536,3,0,0.0
TEC-PH-10001552,4,0,0.0
TEC-PH-10001557,6,0,0.0
TEC-PH-10001580,3,0,0.0
TEC-PH-10001615,1,0,0.0
TEC-PH-10001619,2,0,0.0
TEC-PH-10001644,2,0,0.0
TEC-PH-10001700,5,0,0.0
TEC-PH-10001750,2,0,0.0
TEC-PH-10001760,3,0,0.0
TEC-PH-10001795,2,0,0.0
TEC-PH-10001809,2,0,0.0
TEC-PH-10001817,6,0,0.0
TEC-PH-10001819,2,0,0.0
TEC-PH-10001835,1,0,0.0
TEC-PH-10001870,1,0,0.0
TEC-PH-10001918,3,0,0.0
TEC-PH-10001924,5,2,0.4
TEC-PH-10001944,4,0,0.0
TEC-PH-10002033,1,0,0.0
TEC-PH-10002070,1,0,0.0
TEC-PH-10002085,3,0,0.0
TEC-PH-10002103,3,0,0.0
TEC-PH-10002114,1,0,0.0
TEC-PH-10002115,2,0,0.0
TEC-PH-10002170,2,0,0.0
TEC-PH-10002185,4,1,0.25
TEC-PH-10002200,6,1,0.16666666666666666
TEC-PH-10002262,3,0,0.0
TEC-PH-10002275,3,0,0.0
TEC-PH-10002293,5,0,0.0
TEC-PH-10002310,4,0,0.0
TEC-PH-10002350,3,0,0.0
TEC-PH-10002365,3,0,0.0
TEC-PH-10002398,1,0,0.0
TEC-PH-10002415,3,1,0.3333333333333333
TEC-PH-10002447,4,0,0.0
TEC-PH-10002468,1,1,1.0
TEC-PH-10002483,2,0,0.0
TEC-PH-10002496,5,1,0.2
TEC-PH-10002538,4,0,0.0
TEC-PH-10002549,5,0,0.0
TEC-PH-10002555,3,0,0.0
TEC-PH-10002563,4,0,0.0
TEC-PH-10002564,7,2,0.2857142857142857
TEC-PH-10002583,3,0,0.0
TEC-PH-10002584,3,0,0.0
TEC-PH-10002624,4,0,0.0
TEC-PH-10002645,1,0,0.0
TEC-PH-10002660,5,0,0.0
TEC-PH-10002726,2,0,0.0
TEC-PH-10002789,2,0,0.0
TEC-PH-10002807,3,0,0.0
TEC-PH-10002824,3,0,0.0
TEC-PH-10002834,4,0,0.0
TEC-PH-10002844,1,0,0.0
TEC-PH-10002885,4,1,0.25
TEC-PH-10002890,6,0,0.0
TEC-PH-10002923,4,1,0.25
TEC-PH-10003012,5,0,0.0
TEC-PH-10003072,3,0,0.0
TEC-PH-10003092,4,0,0.0
TEC-PH-10003095,4,0,0.0
TEC-PH-10003171,6,1,0.16666666666666666
TEC-PH-10003187,3,0,0.0
TEC-PH-10003215,3,0,0.0
TEC-PH-10003273,1,0,0.0
TEC-PH-10003356,2,0,0.0
TEC-PH-10003357,2,0,0.0
TEC-PH-10003437,4,0,0.0
TEC-PH-10003442,5,0,0.0
TEC-PH-10003484,3,0,0.0
TEC-PH-10003505,6,1,0.16666666666666666
TEC-PH-10003535,1,0,0.0
TEC-PH-10003555,8,1,0.125
TEC-PH-10003580,2,0,0.0
TEC-PH-10003589,5,0,0.0
TEC-PH-10003601,3,0,0.0
TEC-PH-10003645,4,1,0.25
TEC-PH-10003655,1,0,0.0
TEC-PH-10003691,3,0,0.0
TEC-PH-10003800,4,0,0.0
TEC-PH-10003811,4,0,0.0
TEC-PH-10003875,2,0,0.0
TEC-PH-10003885,3,0,0.0
TEC-PH-10003931,3,0,0.0
TEC-PH-10003963,1,0,0.0
TEC-PH-10003988,7,0,0.0
TEC-PH-10004006,3,0,0.0
TEC-PH-10004042,3,0,0.0
TEC-PH-10004071,5,1,0.2
TEC-PH-10004080,4,0,0.0
TEC-PH-10004093,4,0,0.0
TEC-PH-10004094,4,0,0.0
TEC-PH-10004100,4,0,0.0
TEC-PH-10004120,2,0,0.0
TEC-PH-10004165,5,1,0.2
TEC-PH-10004188,1,0,0.0
TEC-PH-10004241,1,0,0.0
TEC-PH-10004345,3,0,0.0
TEC-PH-10004348,1,0,0.0
TEC-PH-10004389,3,0,0.0
TEC-PH-10004434,1,0,0.0
TEC-PH-10004447,4,1,0.25
TEC-PH-10004522,2,0,0.0
TEC-PH-10004531,3,0,0.0
TEC-PH-10004536,3,1,0.3333333333333333
TEC-PH-10004539,4,0,0.0
TEC-PH-10004586,3,0,0.0
TEC-PH-10004614,5,0,0.0
TEC-PH-10004667,2,1,0.5
TEC-PH-10004700,3,0,0.0
TEC-PH-10004774,2,0,0.0
TEC-PH-10004833,3,0,0.0
TEC-PH-10004896,3,0,0.0
TEC-PH-10004897,4,0,0.0
TEC-PH-10004908,3,0,0.0
TEC-PH-10004912,2,0,0.0
TEC-PH-10004922,1,0,0.0
TEC-PH-10004924,2,0,0.0
TEC-PH-10004977,6,1,0.16666666666666666
